industry,total_postings,pct_ai_mentioned,pct_degree_required,avg_salary_min,avg_min_yoe
Finance,3941,50.72316670895711,34.38213651357523,127451.06746031746,6.2656716417910445
Healthcare,6203,15.508624858939225,15.766564565532807,137796.4547413793,4.386792452830188
Technology,7956,87.7325289089995,32.31523378582202,161457.0325655282,4.195431472081219
